question,response
Analyze this contract clause: Either party may terminate this agreement with 30 days written notice.,Risk: LOW | Type: Termination | Reason: Both parties have an equal termination right with a reasonable notice period.
Analyze this contract clause: The customer shall indemnify the provider against all claims arising from use of the service.,Risk: HIGH | Type: Indemnification | Reason: The indemnification obligation is broad and may create significant exposure for the customer.
Analyze this contract clause: The provider shall have unlimited liability for any damages arising under this agreement.,Risk: HIGH | Type: Liability | Reason: Unlimited liability creates potentially unbounded financial exposure for the provider.
Analyze this contract clause: Payment must be made within 30 days of invoice.,Risk: LOW | Type: Payment Terms | Reason: Net-30 payment terms are common and generally present limited contractual risk.
Analyze this contract clause: The agreement will automatically renew for one-year periods unless cancelled 90 days before renewal.,Risk: MEDIUM | Type: Auto-Renewal | Reason: A long notice period may cause an unintended renewal if the cancellation deadline is missed.
Analyze this contract clause: The supplier may change the service fees at any time without prior notice.,Risk: HIGH | Type: Pricing | Reason: Unilateral fee changes without notice create unpredictable financial exposure for the customer.
Analyze this contract clause: Confidential information must be protected using reasonable security measures.,Risk: LOW | Type: Confidentiality | Reason: The obligation is balanced and uses a commonly accepted reasonable-security standard.
Analyze this contract clause: Confidentiality obligations will continue indefinitely after termination.,Risk: MEDIUM | Type: Confidentiality | Reason: An indefinite confidentiality obligation may be broader than necessary depending on the information involved.
Analyze this contract clause: The customer may not assign this agreement without the provider's written consent.,"Risk: MEDIUM | Type: Assignment | Reason: The restriction may reduce the customer's flexibility during restructuring, acquisition, or transfer."
Analyze this contract clause: The provider may assign this agreement to any third party without customer consent.,Risk: MEDIUM | Type: Assignment | Reason: The provider has broad assignment rights while the customer has no approval right.
Analyze this contract clause: Either party may terminate immediately if the other party materially breaches and fails to cure within 30 days.,Risk: LOW | Type: Termination | Reason: The clause provides a standard material-breach termination right with a reasonable cure period.
Analyze this contract clause: The customer must pay all remaining subscription fees immediately upon termination for any reason.,Risk: HIGH | Type: Termination Fees | Reason: Requiring all future fees regardless of termination reason can create substantial financial exposure.
Analyze this contract clause: The provider warrants that the service will materially conform to the documentation.,Risk: LOW | Type: Warranty | Reason: This is a standard performance warranty tied to documented service functionality.
"Analyze this contract clause: The service is provided as-is and the provider disclaims all warranties, including merchantability and fitness for purpose.",Risk: MEDIUM | Type: Warranty | Reason: Broad warranty disclaimers reduce the customer's remedies if the service does not meet expectations.
Analyze this contract clause: The provider's total liability shall not exceed the fees paid by the customer during the previous 12 months.,Risk: LOW | Type: Liability Cap | Reason: A 12-month fee cap is a common mechanism for limiting contractual liability.
Analyze this contract clause: The provider's liability cap is three times the annual contract value.,"Risk: MEDIUM | Type: Liability Cap | Reason: Liability is capped, but the cap may still represent significant exposure relative to annual fees."
"Analyze this contract clause: The customer grants the provider a perpetual, irrevocable license to use all customer data for any purpose.","Risk: HIGH | Type: Data Rights | Reason: The license is extremely broad, perpetual, and may allow use beyond what is necessary to provide the service."
Analyze this contract clause: Customer data may only be processed to provide and support the contracted services.,"Risk: LOW | Type: Data Processing | Reason: Data use is limited to the stated service purpose, reducing misuse risk."
Analyze this contract clause: The provider may use subprocessors without notifying the customer.,Risk: MEDIUM | Type: Subprocessors | Reason: Lack of notice reduces the customer's visibility and control over third parties handling its data.
Analyze this contract clause: The provider will notify the customer at least 30 days before appointing a new subprocessor.,Risk: LOW | Type: Subprocessors | Reason: Advance notice provides transparency and time for the customer to assess the proposed subprocessor.
Analyze this contract clause: Security incidents must be reported to the customer without undue delay.,Risk: LOW | Type: Security Incident | Reason: Prompt incident notification is a standard and protective contractual requirement.
Analyze this contract clause: The provider has no obligation to notify the customer of a security breach.,Risk: HIGH | Type: Security Incident | Reason: Lack of breach-notification obligations can delay response and create regulatory and operational risk.
Analyze this contract clause: Governing law shall be the laws of the customer's home jurisdiction.,Risk: LOW | Type: Governing Law | Reason: Using the customer's jurisdiction generally reduces legal complexity and dispute costs for the customer.
Analyze this contract clause: All disputes must be resolved exclusively in a foreign jurisdiction chosen by the provider.,Risk: HIGH | Type: Dispute Resolution | Reason: A distant mandatory forum may significantly increase the customer's litigation cost and burden.
Analyze this contract clause: Service availability will be at least 99.9% each calendar month.,Risk: LOW | Type: Service Level | Reason: A measurable uptime commitment provides a clear performance standard.
Analyze this contract clause: The provider gives no uptime commitment and may suspend the service at any time.,Risk: HIGH | Type: Service Level | Reason: The absence of availability commitments creates significant operational continuity risk.
Analyze this contract clause: The provider will delete customer data within 30 days after contract termination.,Risk: LOW | Type: Data Retention | Reason: A defined post-termination deletion period reduces unnecessary data-retention risk.
Analyze this contract clause: The provider may retain customer data indefinitely after termination.,"Risk: HIGH | Type: Data Retention | Reason: Indefinite retention may create privacy, security, and compliance concerns."
Analyze this contract clause: The customer may audit the provider's security controls once per year with reasonable notice.,Risk: LOW | Type: Audit Rights | Reason: A reasonable annual audit right provides assurance without imposing excessive operational burden.
Analyze this contract clause: The customer has no right to review or audit the provider's security practices.,Risk: MEDIUM | Type: Audit Rights | Reason: Lack of audit or assurance rights limits the customer's ability to verify security and compliance controls.
